customer_id,country,province,city,gender,marital_status,occupation_code,income,birth_date,onboard_date,occupation_title,is_small_business,industry_code,employee_count,sales,established_date,industry,label,account_age_days,account_lifetime,age,occupation,business_age,income_missing_flag,n_txn_abm,sum_amt_abm,mean_amt_abm,median_amt_abm,std_amt_abm,cv_amt_abm,has_abm,n_txn_card,sum_amt_card,mean_amt_card,median_amt_card,std_amt_card,cv_amt_card,has_card,n_txn_cheque,sum_amt_cheque,mean_amt_cheque,median_amt_cheque,std_amt_cheque,cv_amt_cheque,has_cheque,n_txn_eft,sum_amt_eft,mean_amt_eft,median_amt_eft,std_amt_eft,cv_amt_eft,has_eft,n_txn_emt,sum_amt_emt,mean_amt_emt,median_amt_emt,std_amt_emt,cv_amt_emt,has_emt,n_txn_wire,sum_amt_wire,mean_amt_wire,median_amt_wire,std_amt_wire,cv_amt_wire,has_wire,n_txn_wu,sum_amt_wu,mean_amt_wu,median_amt_wu,std_amt_wu,cv_amt_wu,has_wu,sum_amt_total,n_txn_total,num_channels_used,share_amt_abm,share_amt_card,share_amt_cheque,share_amt_eft,share_amt_emt,share_amt_wire,share_amt_wu,max_channel_share,transaction_frequency_7d,transaction_volume_7d,transaction_size_mean_7d,transaction_size_median_7d,transaction_size_variance_7d,transaction_round_amount_frequency_7d,transaction_same_amount_frequency_7d,transaction_frequency_90d,transaction_volume_90d,transaction_size_mean_90d,transaction_size_median_90d,transaction_size_variance_90d,transaction_round_amount_frequency_90d,transaction_same_amount_frequency_90d,transaction_unique_merchants,transaction_most_frequent_merchant,transaction_ecommerce_ratio,transaction_ecommerce_frequency_ratio,transaction_unique_countries,transaction_most_frequent_country,cross_border_ratio,max_transaction_frequency_7d,max_transaction_frequency_90d,days_since_last_transaction,incoming_volume_7d,incoming_volume_90d,count_txn_below_threshold_frequency,channel_credit_volume,channel_debit_volume,cash_ratio,wire_ratio,abm_cash_deposit_volume,abm_cash_withdrawal_volume,median_hold_time_funds,incoming_to_outgoing_time_mean,txn_to_sales_ratio,txn_volume_vs_income,txn_volume_vs_occupation_median
SYNID0200006570,CA,,other,,,,,,,,1,7215,1.0,,1/31/2020,Holding Companies,0.0,0,0,,,1827,1,0,0.0,0.0,0.0,0.0,0.0,0,0,0.0,0.0,0.0,0.0,0.0,0,116,848385.92,7313.671724,891.71,24322.97175,3.325685465,1,0,0.0,0.0,0.0,0.0,0.0,0,0,0.0,0.0,0.0,0.0,0.0,0,0,0.0,0.0,0.0,0.0,0.0,0,0,0.0,0.0,0.0,0.0,0.0,0,848385.92,116,1,0.0,0.0,1.0,0.0,0.0,0.0,0.0,1.0,4,5908.24,1477.06,651.975,4022580.433,0.0,0.0,113,700145.03,6195.973717,919.62,430486573.4,0.0,0.0,0,,0.0,0.0,0,,0.0,4,6,1,454.66,518039.55,0.0,518039.55,182105.48,0.0,0.0,0.0,0.0,24.0,55.41818182,,,
SYNID0200018308,CA,SK,SASKATOON,,,,,,8/1/2020,,1,Other,,118198.0,12/16/2019,,0.0,1644,1644,,,1873,1,1,210.0,210.0,210.0,0.0,0.0,1,9,1023.84,113.76,48.65,206.2643372,1.813153456,1,1,141.18,141.18,141.18,0.0,0.0,1,5,48394.89,9678.978,88.58,21158.08947,2.185983837,1,4,7262.17,1815.5425,1045.81,2248.657097,1.238559327,1,0,0.0,0.0,0.0,0.0,0.0,0,0,0.0,0.0,0.0,0.0,0.0,0,57032.08,20,5,0.003682138,0.017952002,0.002475449,0.848555585,0.127334826,0.0,0.0,0.848555585,0,0.0,0.0,0.0,0.0,0.0,0.0,18,57014.52,3167.473333,109.78,123962051.6,0.055555556,0.0,8,5300,0.016574855,0.111111111,1,CA,0.0,0,2,11,0.0,55676.56,0.0,55676.56,1337.96,0.003683272,0.0,0.0,210.0,47.71694444,90.09579365,0.482364507,,
SYNID0200018603,CA,ON,KITCHENER,,,,,,7/10/2023,,1,7759,1.0,28622.0,2/11/2014,Other Scientific and Technical Services,0.0,571,571,,,4007,1,0,0.0,0.0,0.0,0.0,0.0,0,34,9297.22,273.4476471,68.45,499.2664383,1.825820934,1,0,0.0,0.0,0.0,0.0,0.0,0,0,0.0,0.0,0.0,0.0,0.0,0,2,457.27,228.635,228.635,25.06693539,0.109637349,1,0,0.0,0.0,0.0,0.0,0.0,0,0,0.0,0.0,0.0,0.0,0.0,0,9754.49,36,2,0.0,0.953122101,0.0,0.0,0.046877899,0.0,0.0,0.953122101,1,203.26,203.26,203.26,0.0,0.0,0.0,36,9754.49,270.9580556,83.01,235149.4797,0.055555556,0.055555556,17,0,0.005564029,0.058823529,2,CA,0.045454545,1,3,2,0.0,4152.51,0.0,4152.51,5601.98,0.0,0.0,0.0,0.0,58.44083333,68.26055556,0.340803927,,
SYNID0200027516,CA,BC,VANCOUVER,,,,,,,,1,9659,5.0,,11/12/2021,Other Sports and Recreation Clubs,0.0,0,0,,,1176,1,0,0.0,0.0,0.0,0.0,0.0,0,6,353.05,58.84166667,47.03,74.85812111,1.272195799,1,4,8554.94,2138.735,936.89,2741.508619,1.281836515,1,6,35451.35,5908.558333,843.055,11965.21771,2.025065512,1,1,442.32,442.32,442.32,0.0,0.0,1,0,0.0,0.0,0.0,0.0,0.0,0,0,0.0,0.0,0.0,0.0,0.0,0,44801.66,17,4,0.0,0.007880288,0.190951407,0.791295456,0.009872848,0.0,0.0,0.791295456,3,3492.33,1164.11,785.5,1679410.749,0.0,0.0,17,44801.66,2635.391765,465.88,53019838.47,0.058823529,0.0,5,0,0.0,0.0,1,CA,0.0,1,3,0,3492.33,43859.63,0.0,43859.63,942.03,0.0,0.0,0.0,0.0,240.0,209.4484921,,,
SYNID0200093716,CA,BC,VANCOUVER,,,,,,,,1,9659,,176437.0,2/21/1979,Other Sports and Recreation Clubs,0.0,0,0,,,16781,1,0,0.0,0.0,0.0,0.0,0.0,0,0,0.0,0.0,0.0,0.0,0.0,0,6,4870.72,811.7866667,732.94,456.0786835,0.56182086,1,0,0.0,0.0,0.0,0.0,0.0,0,0,0.0,0.0,0.0,0.0,0.0,0,0,0.0,0.0,0.0,0.0,0.0,0,0,0.0,0.0,0.0,0.0,0.0,0,4870.72,6,1,0.0,0.0,1.0,0.0,0.0,0.0,0.0,1.0,0,0.0,0.0,0.0,0.0,0.0,0.0,6,4870.72,811.7866667,732.94,208007.7655,0.0,0.0,0,,0.0,0.0,0,,0.0,0,1,7,0.0,1775.12,0.0,1775.12,3095.6,0.0,0.0,0.0,0.0,480.0,480.0,0.027606001,,
SYNID0200099912,CA,ON,NORTH YORK,,,,,,,,1,4274,2.0,322873.0,8/30/2005,Finish Carpentry,0.0,0,0,,,7094,1,4,18320.0,4580.0,2910.0,4803.082344,1.048707935,1,23,4997.07,217.263913,121.55,292.1537244,1.344695123,1,25,145638.07,5825.5228,604.65,16073.55336,2.759160664,1,0,0.0,0.0,0.0,0.0,0.0,0,0,0.0,0.0,0.0,0.0,0.0,0,0,0.0,0.0,0.0,0.0,0.0,0,0,0.0,0.0,0.0,0.0,0.0,0,168955.14,52,3,0.108431149,0.029576312,0.861992538,0.0,0.0,0.0,0.0,0.861992538,3,305.56,101.8533333,53.09,11579.44763,0.0,0.0,51,168778.54,3309.383137,315.82,132930610.9,0.078431373,0.0,14,5411,0.094540574,0.136363636,1,CA,0.0,2,3,1,278.3,107487.01,0.019607843,107487.01,61291.53,0.108544605,0.0,17320.0,1000.0,35.15583333,59.25143162,0.522739715,,
SYNID0200143186,CA,,other,,,,,,9/4/2011,,1,4229,1.0,167004.0,6/12/2011,Other Structural and Related Work,0.0,4898,4898,,,4982,1,0,0.0,0.0,0.0,0.0,0.0,0,0,0.0,0.0,0.0,0.0,0.0,0,0,0.0,0.0,0.0,0.0,0.0,0,1,216.67,216.67,216.67,0.0,0.0,1,0,0.0,0.0,0.0,0.0,0.0,0,0,0.0,0.0,0.0,0.0,0.0,0,0,0.0,0.0,0.0,0.0,0.0,0,216.67,1,1,0.0,0.0,0.0,1.0,0.0,0.0,0.0,1.0,0,0.0,0.0,0.0,0.0,0.0,0.0,1,216.67,216.67,216.67,0.0,0.0,0.0,0,,0.0,0.0,0,,0.0,0,1,42,0.0,216.67,0.0,216.67,0.0,0.0,0.0,0.0,0.0,0.0,0.0,0.001297394,,
SYNID0200143570,CA,NL,MOUNT PEARL,,,,,,9/27/2023,,1,7215,0.0,0.0,5/26/2023,Holding Companies,0.0,492,492,,,616,1,0,0.0,0.0,0.0,0.0,0.0,0,0,0.0,0.0,0.0,0.0,0.0,0,0,0.0,0.0,0.0,0.0,0.0,0,0,0.0,0.0,0.0,0.0,0.0,0,3,1507.89,502.63,129.49,668.9842093,1.330967529,1,0,0.0,0.0,0.0,0.0,0.0,0,0,0.0,0.0,0.0,0.0,0.0,0,1507.89,3,1,0.0,0.0,0.0,0.0,1.0,0.0,0.0,1.0,0,0.0,0.0,0.0,0.0,0.0,0.0,2,232.93,116.465,116.465,339.30125,0.0,0.0,0,,0.0,0.0,0,,0.0,0,1,60,0.0,129.49,0.0,129.49,103.44,0.0,0.0,0.0,0.0,0.0,0.0,,,
SYNID0200163281,CA,AB,EDMONTON,,,,,,12/3/2007,,1,4022,6.0,1579739.0,12/1/2007,Commercial Building,0.0,6269,6269,,,6271,1,0,0.0,0.0,0.0,0.0,0.0,0,0,0.0,0.0,0.0,0.0,0.0,0,0,0.0,0.0,0.0,0.0,0.0,0,9,268846.09,29871.78778,630.82,81185.39724,2.71779506,1,0,0.0,0.0,0.0,0.0,0.0,0,0,0.0,0.0,0.0,0.0,0.0,0,0,0.0,0.0,0.0,0.0,0.0,0,268846.09,9,1,0.0,0.0,0.0,1.0,0.0,0.0,0.0,1.0,0,0.0,0.0,0.0,0.0,0.0,0.0,9,268846.09,29871.78778,630.82,6591068725.0,0.0,0.0,0,,0.0,0.0,0,,0.0,0,2,11,0.0,21151.29,0.0,21151.29,247694.8,0.0,0.0,0.0,0.0,349.9126389,349.1423611,0.170183866,,
SYNID0200176428,CA,ON,ETOBICOKE,,,,,,,,1,9711,1.0,152536.0,1/28/2001,Barber Shops,0.0,0,0,,,8769,1,0,0.0,0.0,0.0,0.0,0.0,0,1,115.19,115.19,115.19,0.0,0.0,1,1,2506.16,2506.16,2506.16,0.0,0.0,1,0,0.0,0.0,0.0,0.0,0.0,0,0,0.0,0.0,0.0,0.0,0.0,0,0,0.0,0.0,0.0,0.0,0.0,0,0,0.0,0.0,0.0,0.0,0.0,0,2621.35,2,2,0.0,0.043943006,0.956056994,0.0,0.0,0.0,0.0,0.956056994,0,0.0,0.0,0.0,0.0,0.0,0.0,2,2621.35,1310.675,1310.675,2858368.77,0.0,0.0,1,5300,0.0,0.0,1,CA,0.0,0,1,41,0.0,0.0,0.0,0.0,2621.35,0.0,0.0,0.0,0.0,0.0,0.0,0.017185124,,
SYNID0200184466,CA,AB,EDMONTON,,,,,,8/9/2001,,1,7215,2.0,25285.0,10/4/1994,Holding Companies,0.0,8576,8576,,,11077,1,0,0.0,0.0,0.0,0.0,0.0,0,0,0.0,0.0,0.0,0.0,0.0,0,6,9640.68,1606.78,1305.99,1406.828302,0.875557514,1,0,0.0,0.0,0.0,0.0,0.0,0,0,0.0,0.0,0.0,0.0,0.0,0,0,0.0,0.0,0.0,0.0,0.0,0,0,0.0,0.0,0.0,0.0,0.0,0,9640.68,6,1,0.0,0.0,1.0,0.0,0.0,0.0,0.0,1.0,1,3655.49,3655.49,3655.49,0.0,0.0,0.0,6,9640.68,1606.78,1305.99,1979165.872,0.0,0.0,0,,0.0,0.0,0,,0.0,1,1,5,3655.49,5370.9,0.0,5370.9,4269.78,0.0,0.0,0.0,0.0,192.0,192.0,0.381280601,,
SYNID0200187014,CA,AB,EDMONTON,,,,,,12/14/2024,,1,7761,1.0,0.0,11/19/2024,Offices of Lawyers and Notaries,1.0,48,48,,,73,1,0,0.0,0.0,0.0,0.0,0.0,0,27,4367.7,161.7666667,95.71,174.0122573,1.075699097,1,0,0.0,0.0,0.0,0.0,0.0,0,0,0.0,0.0,0.0,0.0,0.0,0,4,2339.45,584.8625,460.49,564.3205778,0.964877348,1,0,0.0,0.0,0.0,0.0,0.0,0,0,0.0,0.0,0.0,0.0,0.0,0,6707.15,31,2,0.0,0.651200584,0.0,0.0,0.348799416,0.0,0.0,0.651200584,0,0.0,0.0,0.0,0.0,0.0,0.0,31,6707.15,216.3596774,113.38,78876.93622,0.096774194,0.096774194,19,5734,0.069253841,0.111111111,1,CA,0.0,0,3,17,0.0,1437.38,0.0,1437.38,5269.77,0.0,0.0,0.0,0.0,20.31069444,44.67888889,,,
SYNID0200195508,CA,,other,,,,,,,,1,4235,2.0,282272.0,4/25/2007,Roof Shingling,0.0,0,0,,,6491,1,3,2171.29,723.7633333,1000.0,534.5982503,0.738636825,1,5,406.3,81.26,96.09,68.8616773,0.847424038,1,10,16412.55,1641.255,930.04,2339.590137,1.425488505,1,0,0.0,0.0,0.0,0.0,0.0,0,2,4705.82,2352.91,2352.91,365.4469267,0.155317002,1,2,22693.32,11346.66,11346.66,4298.799108,0.378860308,1,0,0.0,0.0,0.0,0.0,0.0,0,46389.28,22,5,0.046805857,0.008758489,0.35380049,0.0,0.101441971,0.489193193,0.0,0.489193193,1,24.29,24.29,24.29,0.0,0.0,0.0,21,38318.62,1824.69619,889.61,11525949.09,0.095238095,0.0,5,5251,0.059783411,0.2,1,CA,0.0,1,2,4,0.0,26684.28,0.0,26684.28,11634.34,0.056664097,0.592226964,107.56,2063.73,84.0,118.5927778,0.135750694,,
SYNID0200213351,CA,BC,TERRACE,,,,,,12/6/2010,,1,7742,1.0,46564.0,8/27/2010,Media Representatives,0.0,5170,5170,,,5271,1,0,0.0,0.0,0.0,0.0,0.0,0,0,0.0,0.0,0.0,0.0,0.0,0,6,4520.89,753.4816667,172.695,1062.225051,1.409755669,1,0,0.0,0.0,0.0,0.0,0.0,0,0,0.0,0.0,0.0,0.0,0.0,0,0,0.0,0.0,0.0,0.0,0.0,0,0,0.0,0.0,0.0,0.0,0.0,0,4520.89,6,1,0.0,0.0,1.0,0.0,0.0,0.0,0.0,1.0,0,0.0,0.0,0.0,0.0,0.0,0.0,6,4520.89,753.4816667,172.695,1128322.06,0.0,0.0,0,,0.0,0.0,0,,0.0,0,1,26,0.0,1504.84,0.0,1504.84,3016.05,0.0,0.0,0.0,0.0,348.0,348.0,0.097089812,,
SYNID0200219097,CA,,other,,,,,,,,1,8599,1.0,183310.0,9/21/2001,Other Educational Services,0.0,0,0,,,8533,1,0,0.0,0.0,0.0,0.0,0.0,0,1,63.75,63.75,63.75,0.0,0.0,1,0,0.0,0.0,0.0,0.0,0.0,0,0,0.0,0.0,0.0,0.0,0.0,0,0,0.0,0.0,0.0,0.0,0.0,0,0,0.0,0.0,0.0,0.0,0.0,0,0,0.0,0.0,0.0,0.0,0.0,0,63.75,1,1,0.0,1.0,0.0,0.0,0.0,0.0,0.0,1.0,0,0.0,0.0,0.0,0.0,0.0,0.0,1,63.75,63.75,63.75,0.0,0.0,0.0,1,5812,0.0,0.0,1,CA,0.0,0,1,75,0.0,0.0,0.0,0.0,63.75,0.0,0.0,0.0,0.0,0.0,0.0,0.000347772,,
SYNID0200232685,CA,ON,COLLINGWOOD,,,,,,1/25/2023,,1,7761,1.0,70156.0,10/21/2009,Offices of Lawyers and Notaries,0.0,737,737,,,5581,1,0,0.0,0.0,0.0,0.0,0.0,0,1,5.4,5.4,5.4,0.0,0.0,1,14,19386.96,1384.782857,624.825,1648.079857,1.190135947,1,0,0.0,0.0,0.0,0.0,0.0,0,4,4933.39,1233.3475,251.41,2061.661307,1.671598075,1,0,0.0,0.0,0.0,0.0,0.0,0,0,0.0,0.0,0.0,0.0,0.0,0,24325.75,19,3,0.0,0.000221987,0.796972755,0.0,0.202805258,0.0,0.0,0.796972755,0,0.0,0.0,0.0,0.0,0.0,0.0,19,24325.75,1280.302632,389.71,2769363.185,0.0,0.0,1,7399,0.0,0.0,0,,0.0,0,4,7,0.0,9527.59,0.0,9527.59,14798.16,0.0,0.0,0.0,0.0,125.3583333,120.823125,0.346737984,,
SYNID0200255716,CA,ON,TORONTO,,,,,,4/15/2006,,1,139,1.0,113494.0,6/22/2007,,0.0,6866,6866,,,6433,1,6,39205.75,6534.291667,257.5,14546.7505,2.226216894,1,1,319.51,319.51,319.51,0.0,0.0,1,4,5326.39,1331.5975,1177.95,1007.174754,0.756365759,1,1,4008.36,4008.36,4008.36,0.0,0.0,1,0,0.0,0.0,0.0,0.0,0.0,0,0,0.0,0.0,0.0,0.0,0.0,0,0,0.0,0.0,0.0,0.0,0.0,0,48860.01,12,4,0.802409783,0.006539295,0.109013281,0.082037642,0.0,0.0,0.0,0.802409783,0,0.0,0.0,0.0,0.0,0.0,0.0,12,48860.01,4071.6675,651.355,103780426.2,0.25,0.166666667,1,5251,0.0,0.0,1,CA,0.0,0,2,20,0.0,38570.0,0.0,38570.0,10290.01,0.802409783,0.0,38570.0,635.75,102.6956944,102.6956944,0.430507428,,
SYNID0200265288,CA,AB,LEDUC,,,,,,6/15/1994,,1,9861,1.0,128362.0,9/6/1995,Civic and Fraternal Organizations,0.0,11188,11188,,,10740,1,0,0.0,0.0,0.0,0.0,0.0,0,0,0.0,0.0,0.0,0.0,0.0,0,0,0.0,0.0,0.0,0.0,0.0,0,1,446.73,446.73,446.73,0.0,0.0,1,1,1078.21,1078.21,1078.21,0.0,0.0,1,0,0.0,0.0,0.0,0.0,0.0,0,0,0.0,0.0,0.0,0.0,0.0,0,1524.94,2,2,0.0,0.0,0.0,0.292949231,0.707050769,0.0,0.0,0.707050769,0,0.0,0.0,0.0,0.0,0.0,0.0,2,1524.94,762.47,762.47,199383.4952,0.0,0.0,0,,0.0,0.0,0,,0.0,0,1,61,0.0,1078.21,0.0,1078.21,446.73,0.0,0.0,0.0,0.0,38.0175,38.0175,0.011879996,,
SYNID0200268286,CA,NB,FREDERICTON,,,,,,2/8/1992,,1,9953,15.0,601275.0,4/14/1982,Janitorial Services,0.0,12046,12046,,,15633,1,0,0.0,0.0,0.0,0.0,0.0,0,158,66579.86,421.391519,72.36,1605.802968,3.810714966,1,1,173.01,173.01,173.01,0.0,0.0,1,1,726.65,726.65,726.65,0.0,0.0,1,0,0.0,0.0,0.0,0.0,0.0,0,0,0.0,0.0,0.0,0.0,0.0,0,0,0.0,0.0,0.0,0.0,0.0,0,67479.52,160,3,0.0,0.986667659,0.002563889,0.010768452,0.0,0.0,0.0,0.986667659,12,4871.72,405.9766667,53.89,781978.7298,0.0,0.0,156,66813.2,428.2897436,73.445,2610028.98,0.025641026,0.025641026,41,5541,0.257530547,0.188311688,3,CA,0.022727273,5,6,0,3108.97,13128.81,0.0,13128.81,53684.39,0.0,0.0,0.0,0.0,9.636666667,12.94626543,0.111119205,,
SYNID0200297130,CA,ON,TORONTO,,,,,,4/6/2009,,1,7799,2.0,,12/4/2007,Other Business Services n.e.c.,0.0,5779,5779,,,6268,1,0,0.0,0.0,0.0,0.0,0.0,0,0,0.0,0.0,0.0,0.0,0.0,0,2,3754.31,1877.155,1877.155,1007.733229,0.536840713,1,0,0.0,0.0,0.0,0.0,0.0,0,0,0.0,0.0,0.0,0.0,0.0,0,0,0.0,0.0,0.0,0.0,0.0,0,0,0.0,0.0,0.0,0.0,0.0,0,3754.31,2,1,0.0,0.0,1.0,0.0,0.0,0.0,0.0,1.0,0,0.0,0.0,0.0,0.0,0.0,0.0,2,3754.31,1877.155,1877.155,1015526.261,0.0,0.0,0,,0.0,0.0,0,,0.0,0,1,33,0.0,1164.58,0.0,1164.58,2589.73,0.0,0.0,0.0,0.0,0.0,0.0,,,
SYNID0200302254,CA,BC,NORTH VANCOUVER,,,,,,4/6/2012,,1,Other,1.0,54987.0,3/20/1993,,0.0,4683,4683,,,11640,1,1,4800.0,4800.0,4800.0,0.0,0.0,1,4,384.26,96.065,74.43,82.93468454,0.863318425,1,5,5143.48,1028.696,750.66,1016.150818,0.987804772,1,0,0.0,0.0,0.0,0.0,0.0,0,0,0.0,0.0,0.0,0.0,0.0,0,0,0.0,0.0,0.0,0.0,0.0,0,0,0.0,0.0,0.0,0.0,0.0,0,10327.74,10,3,0.464767703,0.037206591,0.498025706,0.0,0.0,0.0,0.0,0.498025706,3,338.02,112.6733333,65.11,7617.236033,0.0,0.0,10,10327.74,1032.774,178.54,2428072.702,0.1,0.0,4,0,0.0,0.0,1,CA,0.0,3,3,1,0.0,9878.37,0.0,9878.37,449.37,0.464767703,0.0,4800.0,0.0,384.4619444,388.7312222,0.187821485,,
SYNID0200306637,CA,,other,,,,,,9/16/2017,,1,7771,0.0,,11/1/2016,Management Consulting Services,0.0,2694,2694,,,3013,1,0,0.0,0.0,0.0,0.0,0.0,0,1,45.85,45.85,45.85,0.0,0.0,1,34,90398.43,2658.777353,756.955,4851.472625,1.824700598,1,0,0.0,0.0,0.0,0.0,0.0,0,0,0.0,0.0,0.0,0.0,0.0,0,0,0.0,0.0,0.0,0.0,0.0,0,0,0.0,0.0,0.0,0.0,0.0,0,90444.28,35,2,0.0,0.000506942,0.999493058,0.0,0.0,0.0,0.0,0.999493058,3,1559.19,519.73,530.32,60533.7093,0.0,0.0,34,85038.19,2501.123235,749.51,23489350.23,0.0,0.0,1,5541,0.0,0.0,0,,0.0,2,3,1,0.0,44030.64,0.029411765,44030.64,41007.55,0.0,0.0,0.0,0.0,108.0,133.7753333,,,
SYNID0200317046,CA,,other,,,,,,5/7/2024,,1,4261,,,4/25/2024,Electrical Work,0.0,269,269,,,281,1,0,0.0,0.0,0.0,0.0,0.0,0,0,0.0,0.0,0.0,0.0,0.0,0,0,0.0,0.0,0.0,0.0,0.0,0,9,15343.41,1704.823333,375.47,3211.26767,1.883636625,1,0,0.0,0.0,0.0,0.0,0.0,0,0,0.0,0.0,0.0,0.0,0.0,0,0,0.0,0.0,0.0,0.0,0.0,0,15343.41,9,1,0.0,0.0,0.0,1.0,0.0,0.0,0.0,1.0,0,0.0,0.0,0.0,0.0,0.0,0.0,9,15343.41,1704.823333,375.47,10312240.05,0.0,0.0,0,,0.0,0.0,0,,0.0,0,2,7,0.0,10538.48,0.0,10538.48,4804.93,0.0,0.0,0.0,0.0,154.0444444,287.5195139,,,
SYNID0200339536,CA,,other,,,,,,12/25/2024,,1,Other,,0.0,10/9/2024,,0.0,37,37,,,114,1,0,0.0,0.0,0.0,0.0,0.0,0,14,5432.53,388.0378571,192.205,414.4201955,1.067989084,1,0,0.0,0.0,0.0,0.0,0.0,0,0,0.0,0.0,0.0,0.0,0.0,0,3,1453.33,484.4433333,242.25,568.0697958,1.172623828,1,0,0.0,0.0,0.0,0.0,0.0,0,0,0.0,0.0,0.0,0.0,0.0,0,6885.86,17,2,0.0,0.788939944,0.0,0.0,0.211060056,0.0,0.0,0.788939944,1,224.91,224.91,224.91,0.0,0.0,0.0,17,6885.86,405.0505882,224.91,181315.097,0.0,0.0,9,0,0.007138479,0.071428571,1,CA,0.0,1,2,5,0.0,2245.05,0.0,2245.05,4640.81,0.0,0.0,0.0,0.0,152.3427778,139.5117593,,,
SYNID0200339926,CA,,other,,,,,,10/19/2013,,1,8699,5.0,,9/8/2013,Other Health and Social Service Associations and Agencies,0.0,4122,4122,,,4163,1,0,0.0,0.0,0.0,0.0,0.0,0,2,1184.42,592.21,592.21,668.7250251,1.129202521,1,3,21288.09,7096.03,5409.03,2948.240522,0.41547746,1,8,19620.23,2452.52875,1054.715,3064.654457,1.249589615,1,0,0.0,0.0,0.0,0.0,0.0,0,0,0.0,0.0,0.0,0.0,0.0,0,0,0.0,0.0,0.0,0.0,0.0,0,42092.74,13,3,0.0,0.028138344,0.505742558,0.466119098,0.0,0.0,0.0,0.505742558,0,0.0,0.0,0.0,0.0,0.0,0.0,12,36683.71,3056.975833,1328.48,12914444.95,0.0,0.0,2,5499,0.0,0.0,0,,0.0,0,2,12,0.0,12983.35,0.0,12983.35,23700.36,0.0,0.0,0.0,0.0,127.2858333,159.7302778,,,
SYNID0200344226,CA,,other,,,,,,4/1/2000,,1,8641,1.0,40177.0,8/30/1994,Child Day-Care and Nursery School Services,0.0,9071,9071,,,11112,1,0,0.0,0.0,0.0,0.0,0.0,0,0,0.0,0.0,0.0,0.0,0.0,0,6,3484.81,580.8016667,317.255,792.0929423,1.363792475,1,5,6478.49,1295.698,911.82,1178.43828,0.909500733,1,0,0.0,0.0,0.0,0.0,0.0,0,0,0.0,0.0,0.0,0.0,0.0,0,0,0.0,0.0,0.0,0.0,0.0,0,9963.3,11,2,0.0,0.0,0.349764636,0.650235364,0.0,0.0,0.0,0.650235364,0,0.0,0.0,0.0,0.0,0.0,0.0,10,9958.09,995.809,532.65,1021521.163,0.0,0.0,0,,0.0,0.0,0,,0.0,0,2,13,0.0,3164.75,0.0,3164.75,6793.34,0.0,0.0,0.0,0.0,48.0,48.0,0.247855489,,
SYNID0200356197,CA,ON,LONDON,,,,,,,,1,Other,1.0,23233.0,4/30/1987,,0.0,0,0,,,13791,1,0,0.0,0.0,0.0,0.0,0.0,0,8,1257.87,157.23375,54.04,217.2401733,1.381638315,1,1,179.11,179.11,179.11,0.0,0.0,1,0,0.0,0.0,0.0,0.0,0.0,0,0,0.0,0.0,0.0,0.0,0.0,0,0,0.0,0.0,0.0,0.0,0.0,0,0,0.0,0.0,0.0,0.0,0.0,0,1436.98,9,2,0.0,0.875356651,0.124643349,0.0,0.0,0.0,0.0,0.875356651,1,18.18,18.18,18.18,0.0,0.0,0.0,9,1436.98,159.6644444,63.34,41347.30578,0.0,0.0,8,4121,0.90080851,0.625,1,CA,0.0,1,1,1,0.0,0.0,0.0,0.0,1436.98,0.0,0.0,0.0,0.0,0.0,0.0,0.061850816,,
SYNID0200372275,CA,,other,,,,,,4/20/2022,,1,7759,2.0,91547.0,12/17/2014,Other Scientific and Technical Services,0.0,1017,1017,,,3698,1,0,0.0,0.0,0.0,0.0,0.0,0,0,0.0,0.0,0.0,0.0,0.0,0,0,0.0,0.0,0.0,0.0,0.0,0,19,58379.16,3072.587368,882.32,5318.571566,1.730974885,1,0,0.0,0.0,0.0,0.0,0.0,0,0,0.0,0.0,0.0,0.0,0.0,0,0,0.0,0.0,0.0,0.0,0.0,0,58379.16,19,1,0.0,0.0,0.0,1.0,0.0,0.0,0.0,1.0,2,11277.76,5638.88,5638.88,45249726.07,0.0,0.0,18,58280.99,3237.832778,927.28,29401823.27,0.0,0.0,0,,0.0,0.0,0,,0.0,2,2,1,10395.44,30432.89,0.0,30432.89,27848.1,0.0,0.0,0.0,0.0,160.9791667,386.7386111,0.636623701,,
SYNID0200380018,CA,ON,LONDON,,,,,,12/28/2005,,1,7215,1.0,,12/24/2005,Holding Companies,0.0,6974,6974,,,6978,1,0,0.0,0.0,0.0,0.0,0.0,0,0,0.0,0.0,0.0,0.0,0.0,0,7,8918.93,1274.132857,755.71,1061.169689,0.832856388,1,6,89697.77,14949.62833,11468.37,16132.9013,1.079150661,1,0,0.0,0.0,0.0,0.0,0.0,0,0,0.0,0.0,0.0,0.0,0.0,0,0,0.0,0.0,0.0,0.0,0.0,0,98616.7,13,2,0.0,0.0,0.090440362,0.909559638,0.0,0.0,0.0,0.909559638,2,2439.3,1219.65,1219.65,2743465.728,0.0,0.0,13,98616.7,7585.9,1566.12,159360400.8,0.0,0.0,0,,0.0,0.0,0,,0.0,1,2,0,48.44,57430.85,0.0,57430.85,41185.85,0.0,0.0,0.0,0.0,86.305,104.6658333,,,
SYNID0200398398,CA,ON,KINGSTON,,,,,,12/11/2016,,1,7771,6.0,,9/5/2016,Management Consulting Services,0.0,2973,2973,,,3070,1,0,0.0,0.0,0.0,0.0,0.0,0,254,55156.1,217.15,64.825,495.0670459,2.279839032,1,2,629.3,314.65,314.65,371.3017708,1.180046944,1,3,3952.46,1317.486667,1171.77,1213.673494,0.921203625,1,114,104787.83,919.1914912,434.035,1329.881659,1.446795006,1,1,1071.08,1071.08,1071.08,0.0,0.0,1,0,0.0,0.0,0.0,0.0,0.0,0,165596.77,374,5,0.0,0.333074733,0.003800195,0.023867978,0.632789094,0.006468001,0.0,0.632789094,28,13386.03,478.0725,48.935,908070.436,0.035714286,0.0,360,159427.6,442.8544444,103.015,833309.2079,0.016666667,0.038888889,43,other,0.159943808,0.172839506,3,CA,0.028169014,6,13,0,1659.05,39298.28,0.0,39298.28,120129.32,0.0,0.006718285,0.0,0.0,7.631111111,8.685341131,,,
SYNID0200419908,CA,,other,,,,,,9/7/2009,,1,9949,1.0,142267.0,4/11/2010,Other Repair Services n.e.c.,0.0,5625,5625,,,5409,1,0,0.0,0.0,0.0,0.0,0.0,0,0,0.0,0.0,0.0,0.0,0.0,0,1,4287.96,4287.96,4287.96,0.0,0.0,1,6,19254.61,3209.101667,1836.795,4142.682505,1.290916566,1,11,4613.67,419.4245455,179.34,511.2748775,1.218991313,1,0,0.0,0.0,0.0,0.0,0.0,0,0,0.0,0.0,0.0,0.0,0.0,0,28156.24,18,3,0.0,0.0,0.152291641,0.683848767,0.163859592,0.0,0.0,0.683848767,1,3887.04,3887.04,3887.04,0.0,0.0,0.0,18,28156.24,1564.235556,493.45,7440694.613,0.0,0.0,0,,0.0,0.0,0,,0.0,1,2,1,3887.04,5742.25,0.0,5742.25,22413.99,0.0,0.0,0.0,0.0,123.0822222,214.4025,0.197911251,,
SYNID0200442841,CA,ON,NORTH YORK,,,,,,10/31/2023,,1,8652,1.0,0.0,9/12/2023,"Offices of Physicians and Surgeons, Specialists",0.0,458,458,,,507,1,0,0.0,0.0,0.0,0.0,0.0,0,0,0.0,0.0,0.0,0.0,0.0,0,0,0.0,0.0,0.0,0.0,0.0,0,13,23860.55,1835.426923,477.08,4331.888029,2.36015282,1,0,0.0,0.0,0.0,0.0,0.0,0,0,0.0,0.0,0.0,0.0,0.0,0,0,0.0,0.0,0.0,0.0,0.0,0,23860.55,13,1,0.0,0.0,0.0,1.0,0.0,0.0,0.0,1.0,1,16109.94,16109.94,16109.94,0.0,0.0,0.0,13,23860.55,1835.426923,477.08,18765253.89,0.0,0.0,0,,0.0,0.0,0,,0.0,1,2,5,16109.94,19486.93,0.0,19486.93,4373.62,0.0,0.0,0.0,0.0,192.9266667,185.435,,,
SYNID0200445595,CA,,other,,,,,,5/23/2005,,1,6012,1.0,124250.0,11/21/2006,Food (Specialty) Stores,0.0,7193,7193,,,6646,1,0,0.0,0.0,0.0,0.0,0.0,0,0,0.0,0.0,0.0,0.0,0.0,0,0,0.0,0.0,0.0,0.0,0.0,0,0,0.0,0.0,0.0,0.0,0.0,0,70,52790.57,754.151,402.885,952.2798472,1.262717741,1,0,0.0,0.0,0.0,0.0,0.0,0,0,0.0,0.0,0.0,0.0,0.0,0,52790.57,70,1,0.0,0.0,0.0,0.0,1.0,0.0,0.0,1.0,3,317.75,105.9166667,82.92,1716.867233,0.0,0.0,66,50134.72,759.6169697,402.885,945802.6567,0.0,0.0,0,,0.0,0.0,0,,0.0,1,3,1,317.75,21909.77,0.0,21909.77,28224.95,0.0,0.0,0.0,0.0,48.45222222,54.41370915,0.403498753,,
SYNID0200465801,CA,ON,OWEN SOUND,,,,,,,,1,4013,1.0,509282.0,7/4/2014,Residential Renovation,0.0,0,0,,,3864,1,0,0.0,0.0,0.0,0.0,0.0,0,7,282.27,40.32428571,39.07,28.73920601,0.712702172,1,32,147736.8,4616.775,866.485,9357.489923,2.026845563,1,8,58084.9,7260.6125,2698.555,11492.28487,1.582825811,1,26,30421.81,1170.069615,550.15,1508.049495,1.288854505,1,0,0.0,0.0,0.0,0.0,0.0,0,0,0.0,0.0,0.0,0.0,0.0,0,236525.78,73,4,0.0,0.001193401,0.624611829,0.245575345,0.128619426,0.0,0.0,0.624611829,4,4522.38,1130.595,651.965,1863466.188,0.0,0.0,71,234844.6,3307.670423,696.64,57940789.75,0.0,0.0,5,5814,0.407319836,0.333333333,1,CA,0.0,2,6,1,3218.45,52161.1,0.0,52161.1,182683.5,0.0,0.0,0.0,0.0,24.68763889,36.42623737,0.461128805,,
SYNID0200492497,CA,ON,BRAMPTON,,,,,,2/6/2024,,1,Other,,0.0,10/21/2023,,0.0,360,360,,,468,1,0,0.0,0.0,0.0,0.0,0.0,0,0,0.0,0.0,0.0,0.0,0.0,0,0,0.0,0.0,0.0,0.0,0.0,0,0,0.0,0.0,0.0,0.0,0.0,0,1,341.46,341.46,341.46,0.0,0.0,1,0,0.0,0.0,0.0,0.0,0.0,0,0,0.0,0.0,0.0,0.0,0.0,0,341.46,1,1,0.0,0.0,0.0,0.0,1.0,0.0,0.0,1.0,0,0.0,0.0,0.0,0.0,0.0,0.0,1,341.46,341.46,341.46,0.0,0.0,0.0,0,,0.0,0.0,0,,0.0,0,1,44,0.0,341.46,0.0,341.46,0.0,0.0,0.0,0.0,0.0,0.0,0.0,,,
SYNID0200496198,CA,BC,NORTH VANCOUVER,,,,,,4/2/2017,,1,9821,,261478.0,1/3/2017,Business Associations,0.0,2861,2861,,,2950,1,0,0.0,0.0,0.0,0.0,0.0,0,0,0.0,0.0,0.0,0.0,0.0,0,2,481.83,240.915,240.915,309.5218513,1.284776171,1,9,24954.09,2772.676667,514.73,5739.697238,2.070092523,1,0,0.0,0.0,0.0,0.0,0.0,0,0,0.0,0.0,0.0,0.0,0.0,0,0,0.0,0.0,0.0,0.0,0.0,0,25435.92,11,2,0.0,0.0,0.018942897,0.981057103,0.0,0.0,0.0,0.981057103,1,17863.75,17863.75,17863.75,0.0,0.0,0.0,11,25435.92,2312.356364,459.78,27413759.05,0.0,0.0,0,,0.0,0.0,0,,0.0,1,1,1,0.0,2129.51,0.0,2129.51,23306.41,0.0,0.0,0.0,0.0,178.1591667,213.1319444,0.097277476,,
SYNID0200496670,CA,ON,NORTH YORK,,,,,,4/13/2024,,1,7599,2.0,,1/17/2024,Other Real Estate Operators,1.0,293,293,,,380,1,0,0.0,0.0,0.0,0.0,0.0,0,0,0.0,0.0,0.0,0.0,0.0,0,27,66744.37,2472.013704,1152.91,3440.989284,1.39197824,1,24,180466.01,7519.417083,154.65,32705.29839,4.349445978,1,0,0.0,0.0,0.0,0.0,0.0,0,0,0.0,0.0,0.0,0.0,0.0,0,0,0.0,0.0,0.0,0.0,0.0,0,247210.38,51,2,0.0,0.0,0.26999016,0.73000984,0.0,0.0,0.0,0.73000984,3,251.71,83.90333333,73.13,4087.611033,0.0,0.0,49,229789.8,4689.587755,707.72,524930245.5,0.0,0.0,0,,0.0,0.0,0,,0.0,1,4,0,225.67,19738.16,0.020408163,19738.16,210051.64,0.0,0.0,0.0,0.0,33.02777778,60.16584877,,,
SYNID0200499286,CA,ON,SUDBURY,,,,,,12/16/2014,,1,7799,1.0,273123.0,11/6/2014,Other Business Services n.e.c.,0.0,3699,3699,,,3739,1,0,0.0,0.0,0.0,0.0,0.0,0,37,7664.52,207.1491892,54.55,333.6144251,1.610503166,1,0,0.0,0.0,0.0,0.0,0.0,0,1,92.27,92.27,92.27,0.0,0.0,1,0,0.0,0.0,0.0,0.0,0.0,0,0,0.0,0.0,0.0,0.0,0.0,0,0,0.0,0.0,0.0,0.0,0.0,0,7756.79,38,2,0.0,0.988104615,0.0,0.011895385,0.0,0.0,0.0,0.988104615,4,328.23,82.0575,67.865,6408.102825,0.0,0.0,37,7737.04,209.1091892,80.34,110685.7133,0.027027027,0.054054054,17,5812,0.183724298,0.222222222,2,CA,0.041666667,2,2,2,0.0,1874.21,0.0,1874.21,5862.83,0.0,0.0,0.0,0.0,42.865,42.865,0.028328043,,
SYNID0200503207,CA,ON,TORONTO,,,,,,3/14/2018,,1,4561,15.0,1249220.0,3/8/2009,General Freight Trucking Industry,0.0,2515,2515,,,5808,1,0,0.0,0.0,0.0,0.0,0.0,0,0,0.0,0.0,0.0,0.0,0.0,0,1,870.47,870.47,870.47,0.0,0.0,1,20,36219.7,1810.985,414.86,4526.281387,2.499347806,1,2,2280.62,1140.31,1140.31,868.3554116,0.761508197,1,0,0.0,0.0,0.0,0.0,0.0,0,0,0.0,0.0,0.0,0.0,0.0,0,39370.79,23,3,0.0,0.0,0.022109539,0.91996376,0.057926701,0.0,0.0,0.91996376,2,287.45,143.725,143.725,7057.90805,0.0,0.0,22,39319.67,1787.257727,563.45,18508854.75,0.0,0.0,0,,0.0,0.0,0,,0.0,1,1,1,287.45,13513.5,0.0,13513.5,25806.17,0.0,0.0,0.0,0.0,134.52625,135.2173056,0.031475377,,
SYNID0200520608,CA,ON,TORONTO,,,,,,6/17/2019,,1,7771,1.0,1040493.0,3/23/2019,Management Consulting Services,0.0,2055,2055,,,2141,1,0,0.0,0.0,0.0,0.0,0.0,0,13,1680.94,129.3030769,76.06,126.9543496,0.981835487,1,1,2106.19,2106.19,2106.19,0.0,0.0,1,3,1608.33,536.11,178.92,740.9552477,1.382095554,1,11,9210.56,837.3236364,505.7,1001.346649,1.195889625,1,0,0.0,0.0,0.0,0.0,0.0,0,0,0.0,0.0,0.0,0.0,0.0,0,14606.02,28,4,0.0,0.115085424,0.144200131,0.110114186,0.630600259,0.0,0.0,0.630600259,0,0.0,0.0,0.0,0.0,0.0,0.0,26,14415.52,554.4430769,210.12,660860.242,0.0,0.0,9,0,0.019151052,0.083333333,1,CA,0.0,0,2,8,0.0,4628.4,0.0,4628.4,9787.12,0.0,0.0,0.0,0.0,69.91027778,70.50011905,0.013854509,,
SYNID0200525992,CA,BC,CAMPBELL RIVER,,,,,,4/5/1993,,1,7761,1.0,262509.0,5/4/1992,Offices of Lawyers and Notaries,0.0,11624,11624,,,11960,1,0,0.0,0.0,0.0,0.0,0.0,0,30,3080.02,102.6673333,40.295,117.6137002,1.14558055,1,12,48037.78,4003.148333,662.545,10599.39688,2.647765209,1,3,2132.43,710.81,447.54,722.3982941,1.016302942,1,0,0.0,0.0,0.0,0.0,0.0,0,0,0.0,0.0,0.0,0.0,0.0,0,0,0.0,0.0,0.0,0.0,0.0,0,53250.23,45,3,0.0,0.057840501,0.902114038,0.040045461,0.0,0.0,0.0,0.902114038,1,33.85,33.85,33.85,0.0,0.0,0.0,44,53216.98,1209.476818,122.55,31791459.35,0.022727273,0.0,16,5542,0.044126337,0.066666667,2,CA,0.058823529,1,3,4,0.0,43184.95,0.0,43184.95,10032.03,0.0,0.0,0.0,0.0,37.53111111,67.16744444,0.202724402,,
SYNID0200533256,CA,AB,RED DEER,,,,,,4/23/2017,,1,8651,2.0,704529.0,1/6/2014,"Offices of Physicians, General Practice",0.0,2840,2840,,,4043,1,0,0.0,0.0,0.0,0.0,0.0,0,0,0.0,0.0,0.0,0.0,0.0,0,8,6211.53,776.44125,410.1,901.4849202,1.161047175,1,2,22884.63,11442.315,11442.315,14662.545,1.281431686,1,33,25756.1,780.4878788,568.87,752.0203569,0.963525991,1,0,0.0,0.0,0.0,0.0,0.0,0,0,0.0,0.0,0.0,0.0,0.0,0,54852.26,43,3,0.0,0.0,0.113241095,0.41720487,0.469554035,0.0,0.0,0.469554035,5,4683.31,936.662,615.04,1049401.441,0.0,0.0,43,54852.26,1275.633953,568.87,10847214.55,0.0,0.0,0,,0.0,0.0,0,,0.0,3,3,3,919.06,8453.6,0.0,8453.6,46398.66,0.0,0.0,0.0,0.0,51.70638889,70.13423203,0.077856639,,
SYNID0200541889,CA,BC,VANCOUVER,,,,,,3/3/2007,,1,7511,3.0,270662.0,,Operators of Residential Buildings and Dwellings,0.0,6544,6544,,,0,1,0,0.0,0.0,0.0,0.0,0.0,0,0,0.0,0.0,0.0,0.0,0.0,0,1,225.14,225.14,225.14,0.0,0.0,1,0,0.0,0.0,0.0,0.0,0.0,0,1,209.31,209.31,209.31,0.0,0.0,1,0,0.0,0.0,0.0,0.0,0.0,0,0,0.0,0.0,0.0,0.0,0.0,0,434.45,2,2,0.0,0.0,0.518218437,0.0,0.481781563,0.0,0.0,0.518218437,0,0.0,0.0,0.0,0.0,0.0,0.0,2,434.45,217.225,217.225,125.29445,0.0,0.0,0,,0.0,0.0,0,,0.0,0,1,34,0.0,0.0,0.0,0.0,434.45,0.0,0.0,0.0,0.0,0.0,0.0,0.001605139,,
SYNID0200556823,CA,,other,,,,,,2/29/2020,,1,141,2.0,553571.0,2/6/2019,,0.0,1798,1798,,,2186,1,0,0.0,0.0,0.0,0.0,0.0,0,0,0.0,0.0,0.0,0.0,0.0,0,4,3979.87,994.9675,782.24,582.6070301,0.58555383,1,12,10521.93,876.8275,241.86,2074.433726,2.365840175,1,0,0.0,0.0,0.0,0.0,0.0,0,0,0.0,0.0,0.0,0.0,0.0,0,0,0.0,0.0,0.0,0.0,0.0,0,14501.8,16,2,0.0,0.0,0.274439725,0.725560275,0.0,0.0,0.0,0.725560275,0,0.0,0.0,0.0,0.0,0.0,0.0,16,14501.8,906.3625,371.335,3226412.811,0.0,0.0,0,,0.0,0.0,0,,0.0,0,2,7,0.0,9442.12,0.0,9442.12,5059.68,0.0,0.0,0.0,0.0,159.6566667,187.5406349,0.02619682,,
SYNID0200591513,CA,NB,FREDERICTON,,,,,,7/8/2020,,1,7215,5.0,2225015.0,5/5/2020,Holding Companies,0.0,1668,1668,,,1732,1,0,0.0,0.0,0.0,0.0,0.0,0,0,0.0,0.0,0.0,0.0,0.0,0,107,589711.0,5511.317757,1015.61,19792.65309,3.591274168,1,4,4200.63,1050.1575,714.935,1201.541414,1.144153533,1,0,0.0,0.0,0.0,0.0,0.0,0,0,0.0,0.0,0.0,0.0,0.0,0,0,0.0,0.0,0.0,0.0,0.0,0,593911.63,111,2,0.0,0.0,0.99292718,0.00707282,0.0,0.0,0.0,0.99292718,6,21261.94,3543.656667,1759.385,19046145.48,0.0,0.0,107,586625.06,5482.477196,1015.61,391890599.2,0.0,0.0,0,,0.0,0.0,0,,0.0,2,5,0,2406.75,208403.86,0.009345794,208403.86,378221.2,0.0,0.0,0.0,0.0,24.0,49.78343621,0.263649935,,
SYNID0200595968,CA,,other,,,,,,10/19/2012,,1,8669,2.0,,4/28/2012,Offices of Other Health Practitioners,0.0,4487,4487,,,4661,1,0,0.0,0.0,0.0,0.0,0.0,0,0,0.0,0.0,0.0,0.0,0.0,0,28,106089.98,3788.927857,1443.035,5714.98838,1.508339191,1,12,64980.16,5415.013333,1079.715,8107.797768,1.49728122,1,8,3225.9,403.2375,150.57,630.3723048,1.563277981,1,0,0.0,0.0,0.0,0.0,0.0,0,0,0.0,0.0,0.0,0.0,0.0,0,174296.04,48,3,0.0,0.0,0.608676938,0.372814896,0.018508166,0.0,0.0,0.608676938,6,5849.43,974.905,816.095,824977.7535,0.0,0.0,45,160900.7,3575.571111,825.41,38020986.92,0.0,0.0,0,,0.0,0.0,0,,0.0,2,4,0,3698.63,76269.39,0.0,76269.39,84631.31,0.0,0.0,0.0,0.0,96.0,101.5160582,,,
SYNID0200598200,CA,,other,,,,,,8/25/2010,,1,8599,1.0,330934.0,4/3/2010,Other Educational Services,0.0,5273,5273,,,5417,1,1,1036.81,1036.81,1036.81,0.0,0.0,1,9,4085.0,453.8888889,64.08,713.7224153,1.572460646,1,1,13544.71,13544.71,13544.71,0.0,0.0,1,0,0.0,0.0,0.0,0.0,0.0,0,0,0.0,0.0,0.0,0.0,0.0,0,0,0.0,0.0,0.0,0.0,0.0,0,0,0.0,0.0,0.0,0.0,0.0,0,18666.52,11,3,0.055543829,0.218841005,0.725615166,0.0,0.0,0.0,0.0,0.725615166,0,0.0,0.0,0.0,0.0,0.0,0.0,11,18666.52,1696.956364,252.06,15878720.77,0.0,0.0,7,other,0.46976989,0.333333333,1,CA,0.0,0,2,13,0.0,13544.71,0.0,13544.71,5121.81,0.055543829,0.0,0.0,1036.81,97.3425,97.3425,0.056405567,,
SYNID0200601216,CA,,other,,,,,,8/21/2004,,1,4589,2.0,258955.0,11/27/2004,Other Transportation Industries n.e.c.,0.0,7468,7468,,,7370,1,0,0.0,0.0,0.0,0.0,0.0,0,1,16.95,16.95,16.95,0.0,0.0,1,21,71359.7,3398.080952,884.06,8164.977929,2.402820311,1,2,1049.05,524.525,524.525,440.2093266,0.83925328,1,11,16527.08,1502.461818,1056.43,1514.694222,1.008141574,1,0,0.0,0.0,0.0,0.0,0.0,0,0,0.0,0.0,0.0,0.0,0.0,0,88952.78,35,4,0.0,0.000190551,0.802220009,0.011793336,0.185796104,0.0,0.0,0.802220009,1,1099.38,1099.38,1099.38,0.0,0.0,0.0,34,87349.96,2569.116471,816.68,42344263.43,0.0,0.0,1,5818,0.0,0.0,1,CA,0.0,1,3,0,0.0,52427.74,0.0,52427.74,34922.22,0.0,0.0,0.0,0.0,98.23583333,118.4852778,0.33731714,,
SYNID0200606438,CA,QC,MONTREAL,,,,,,10/26/2007,,1,4229,6.0,391067.0,2/8/2007,Other Structural and Related Work,0.0,6307,6307,,,6567,1,0,0.0,0.0,0.0,0.0,0.0,0,0,0.0,0.0,0.0,0.0,0.0,0,28,75878.68,2709.952857,1532.5,4833.291192,1.783533311,1,4,24951.04,6237.76,1230.08,10579.51548,1.696044009,1,4,839.38,209.845,148.19,225.9645165,1.0768163,1,1,10857.2,10857.2,10857.2,0.0,0.0,1,0,0.0,0.0,0.0,0.0,0.0,0,112526.3,37,4,0.0,0.0,0.674319515,0.221735185,0.007459412,0.096485888,0.0,0.674319515,3,5002.94,1667.646667,1635.15,853690.4506,0.0,0.0,35,88939.86,2541.138857,868.71,19803337.3,0.0,0.0,0,,0.0,0.0,0,,0.0,1,3,0,0.0,52571.94,0.0,52571.94,36367.92,0.0,0.1220735,0.0,0.0,61.92902778,78.38137346,0.227428701,,
SYNID0200607748,CA,ON,TORONTO,,,,,,5/10/1996,,1,9861,,0.0,12/22/1997,Civic and Fraternal Organizations,0.0,10493,10493,,,9902,1,0,0.0,0.0,0.0,0.0,0.0,0,0,0.0,0.0,0.0,0.0,0.0,0,17,163731.44,9631.261176,1213.24,20184.16565,2.095692899,1,164,424404.23,2587.830671,796.595,6065.738568,2.343947244,1,0,0.0,0.0,0.0,0.0,0.0,0,0,0.0,0.0,0.0,0.0,0.0,0,0,0.0,0.0,0.0,0.0,0.0,0,588135.67,181,2,0.0,0.0,0.278390597,0.721609403,0.0,0.0,0.0,0.721609403,15,34467.34,2297.822667,1213.24,15410208.38,0.0,0.0,170,553297.1,3254.688824,892.78,72927570.54,0.0,0.0,0,,0.0,0.0,0,,0.0,6,7,0,16346.3,310791.04,0.005882353,310791.04,242506.06,0.0,0.0,0.0,0.0,45.27666667,52.80687797,,,
SYNID0200616355,CA,,other,,,,,,6/15/1993,,1,4565,2.0,282804.0,1/2/1983,Forest Products Trucking Industry,0.0,11553,11553,,,15370,1,1,10423.04,10423.04,10423.04,0.0,0.0,1,70,14122.74,201.7534286,52.855,563.2226595,2.791638603,1,4,6619.75,1654.9375,1563.155,1189.173103,0.718560733,1,1,667.5,667.5,667.5,0.0,0.0,1,13,15260.47,1173.882308,687.96,1433.868144,1.221475215,1,0,0.0,0.0,0.0,0.0,0.0,0,0,0.0,0.0,0.0,0.0,0.0,0,47093.5,89,5,0.22132651,0.299887246,0.140566108,0.014173931,0.324046206,0.0,0.0,0.324046206,5,1951.12,390.224,178.13,227697.3229,0.0,0.0,87,42098.05,483.8856322,69.95,1708910.723,0.011494253,0.0,25,5541,0.014927582,0.101449275,2,CA,0.066666667,2,5,1,1136.31,16866.41,0.0,16866.41,25231.64,0.247589615,0.0,10423.04,0.0,18.10361111,22.35388889,0.148859457,,
SYNID0200635875,CA,ON,WATERLOO,,,,,,3/4/2024,,1,7771,0.0,0.0,1/23/2024,Management Consulting Services,0.0,333,333,,,374,1,0,0.0,0.0,0.0,0.0,0.0,0,0,0.0,0.0,0.0,0.0,0.0,0,0,0.0,0.0,0.0,0.0,0.0,0,4,37013.94,9253.485,943.975,17057.78571,1.843390432,1,7,3755.39,536.4842857,415.99,385.7528108,0.719038416,1,0,0.0,0.0,0.0,0.0,0.0,0,0,0.0,0.0,0.0,0.0,0.0,0,40769.33,11,2,0.0,0.0,0.0,0.907886885,0.092113115,0.0,0.0,0.907886885,1,300.01,300.01,300.01,0.0,0.0,0.0,11,40769.33,3706.302727,472.06,106721615.9,0.0,0.0,0,,0.0,0.0,0,,0.0,1,1,0,300.01,36322.67,0.0,36322.67,4446.66,0.0,0.0,0.0,0.0,91.09791667,109.4967361,,,
SYNID0200642493,CA,ON,BRAMPTON,,,,,,11/22/2017,,1,4561,3.0,488577.0,,General Freight Trucking Industry,0.0,2627,2627,,,0,1,0,0.0,0.0,0.0,0.0,0.0,0,0,0.0,0.0,0.0,0.0,0.0,0,60,196278.76,3271.312667,1312.325,5347.638411,1.634707213,1,9,3562.46,395.8288889,269.39,595.9191719,1.505496917,1,0,0.0,0.0,0.0,0.0,0.0,0,0,0.0,0.0,0.0,0.0,0.0,0,0,0.0,0.0,0.0,0.0,0.0,0,199841.22,69,2,0.0,0.0,0.982173548,0.017826452,0.0,0.0,0.0,0.982173548,4,35698.02,8924.505,1134.095,266367755.6,0.0,0.0,69,199841.22,2896.249565,838.78,25805693.93,0.0,0.0,0,,0.0,0.0,0,,0.0,2,4,1,681.71,123359.53,0.0,123359.53,76481.69,0.0,0.0,0.0,0.0,37.99069444,71.5087963,0.409027072,,
SYNID0200663820,CA,ON,TORONTO,,,,,,7/23/1993,,1,Other,0.0,0.0,2/9/1992,,0.0,11515,11515,,,12045,1,0,0.0,0.0,0.0,0.0,0.0,0,1,109.1,109.1,109.1,0.0,0.0,1,1,425.57,425.57,425.57,0.0,0.0,1,0,0.0,0.0,0.0,0.0,0.0,0,0,0.0,0.0,0.0,0.0,0.0,0,0,0.0,0.0,0.0,0.0,0.0,0,0,0.0,0.0,0.0,0.0,0.0,0,534.67,2,2,0.0,0.204051097,0.795948903,0.0,0.0,0.0,0.0,0.795948903,0,0.0,0.0,0.0,0.0,0.0,0.0,2,534.67,267.335,267.335,50076.63045,0.0,0.0,1,4816,1.0,1.0,1,CA,0.0,0,1,43,0.0,425.57,0.0,425.57,109.1,0.0,0.0,0.0,0.0,527.3330556,527.3330556,,,
SYNID0200673561,CA,,other,,,,,,6/29/2018,,1,7771,4.0,555798.0,9/27/2019,Management Consulting Services,0.0,2408,2408,,,1953,1,0,0.0,0.0,0.0,0.0,0.0,0,3,213.59,71.19666667,31.51,72.85637401,1.023311588,1,44,68074.87,1547.156136,769.005,2655.707534,1.716509065,1,6,6559.47,1093.245,469.09,1579.094465,1.444410415,1,59,47982.19,813.2574576,478.05,984.829455,1.210968858,1,6,63438.3,10573.05,6077.465,9139.655571,0.864429429,1,0,0.0,0.0,0.0,0.0,0.0,0,186268.42,118,5,0.0,0.001146679,0.365466513,0.035215148,0.25759702,0.34057464,0.0,0.365466513,9,19671.35,2185.705556,1139.4,7193937.441,0.0,0.0,115,184039.35,1600.342174,576.75,11535465.36,0.0,0.0,3,5251,0.0,0.0,1,CA,0.0,4,7,0,9007.01,135186.0,0.0,135186.0,48853.35,0.0,0.344699653,0.0,0.0,24.0,35.68778826,0.331126326,,
SYNID0200734404,CA,,other,,,,,,10/12/1993,,1,4561,4.300996935,244909.0,5/20/1993,General Freight Trucking Industry,0.0,11434,11434,,,11579,1,2,1000.0,500.0,500.0,424.2640687,0.848528137,1,3,322.77,107.59,55.87,118.6121735,1.102446078,1,0,0.0,0.0,0.0,0.0,0.0,0,57,128368.63,2252.081228,638.74,3935.689929,1.747579031,1,44,42650.98,969.3404545,426.94,1433.091375,1.478419031,1,0,0.0,0.0,0.0,0.0,0.0,0,0,0.0,0.0,0.0,0.0,0.0,0,172342.38,106,4,0.005802403,0.001872842,0.0,0.744846566,0.247478188,0.0,0.0,0.744846566,7,40161.68,5737.382857,1316.01,66076867.94,0.0,0.0,105,170794.59,1626.615143,493.68,9679827.183,0.019047619,0.0,3,5200,0.753725563,0.333333333,1,CA,0.0,3,6,0,2117.19,59091.78,0.00952381,59091.78,111702.81,0.005854986,0.0,1000.0,0.0,63.01333333,56.49309432,0.697379802,,
SYNID0200755574,CA,ON,OAKVILLE,,,,,,,,1,7215,,540611.0,5/30/2003,Holding Companies,1.0,0,0,,,7917,1,1,1810.0,1810.0,1810.0,0.0,0.0,1,53,10108.75,190.7311321,88.55,273.0055981,1.431363591,1,5,866.22,173.244,162.46,115.9532308,0.669305897,1,20,25626.29,1281.3145,234.38,2354.502587,1.83756805,1,13,13558.73,1042.979231,90.86,2181.54136,2.091644105,1,0,0.0,0.0,0.0,0.0,0.0,0,0,0.0,0.0,0.0,0.0,0.0,0,51969.99,92,5,0.034827792,0.194511294,0.016667696,0.493097844,0.260895374,0.0,0.0,0.493097844,5,7250.42,1450.084,354.0,5332776.485,0.0,0.0,88,49333.89,560.6123864,94.765,2138151.797,0.011363636,0.0,24,0,0.162034403,0.211538462,2,CA,0.034482759,2,3,0,5526.22,24750.78,0.011363636,24750.78,24583.11,0.036688775,0.0,1810.0,0.0,24.07736111,28.43529321,0.091255801,,
SYNID0200755995,CA,ON,TORONTO,,,,,,9/1/2016,,1,7215,1.0,1007417.0,10/22/2015,Holding Companies,1.0,3074,3074,,,3389,1,0,0.0,0.0,0.0,0.0,0.0,0,0,0.0,0.0,0.0,0.0,0.0,0,71,250356.56,3526.148732,639.85,11945.40339,3.387662943,1,0,0.0,0.0,0.0,0.0,0.0,0,3,11403.34,3801.113333,936.69,5209.064253,1.370404878,1,0,0.0,0.0,0.0,0.0,0.0,0,0,0.0,0.0,0.0,0.0,0.0,0,261759.9,74,2,0.0,0.0,0.956435879,0.0,0.043564121,0.0,0.0,0.956435879,9,5299.64,588.8488889,270.02,584738.7833,0.0,0.0,73,260770.29,3572.195753,652.86,139394348.1,0.0,0.0,0,,0.0,0.0,0,,0.0,3,7,0,3585.89,155228.55,0.02739726,155228.55,105541.74,0.0,0.0,0.0,0.0,48.0,83.1044184,0.258850397,,
SYNID0200764769,CA,,other,,,,,,11/8/2017,,1,4261,,,10/13/2017,Electrical Work,0.0,2641,2641,,,2667,1,0,0.0,0.0,0.0,0.0,0.0,0,0,0.0,0.0,0.0,0.0,0.0,0,14,89266.62,6376.187143,1438.58,15707.26911,2.463426616,1,0,0.0,0.0,0.0,0.0,0.0,0,0,0.0,0.0,0.0,0.0,0.0,0,0,0.0,0.0,0.0,0.0,0.0,0,0,0.0,0.0,0.0,0.0,0.0,0,89266.62,14,1,0.0,0.0,1.0,0.0,0.0,0.0,0.0,1.0,0,0.0,0.0,0.0,0.0,0.0,0.0,14,89266.62,6376.187143,1438.58,246718303.0,0.0,0.0,0,,0.0,0.0,0,,0.0,0,3,13,0.0,71532.25,0.071428571,71532.25,17734.37,0.0,0.0,0.0,0.0,120.0,172.0,,,
SYNID0200771719,CA,ON,AJAX,,,,,,1/1/2006,,1,8653,1.0,144832.0,10/18/2005,"Offices of Dentists, General Practice",0.0,6970,6970,,,7045,1,0,0.0,0.0,0.0,0.0,0.0,0,0,0.0,0.0,0.0,0.0,0.0,0,0,0.0,0.0,0.0,0.0,0.0,0,30,59193.24,1973.108,273.835,4940.158901,2.503744803,1,0,0.0,0.0,0.0,0.0,0.0,0,0,0.0,0.0,0.0,0.0,0.0,0,0,0.0,0.0,0.0,0.0,0.0,0,59193.24,30,1,0.0,0.0,0.0,1.0,0.0,0.0,0.0,1.0,2,264.11,132.055,132.055,31402.68605,0.0,0.0,28,53102.84,1896.53,273.835,25480361.79,0.0,0.0,0,,0.0,0.0,0,,0.0,1,2,1,264.11,22500.8,0.0,22500.8,30602.04,0.0,0.0,0.0,0.0,142.7341667,192.4557716,0.366651293,,
SYNID0200787993,CA,,other,,,,,,8/29/2016,,1,4219,1.0,698983.0,4/20/2009,Other Site Work,0.0,3077,3077,,,5765,1,0,0.0,0.0,0.0,0.0,0.0,0,49,10860.44,221.6416327,86.82,350.3216647,1.58057699,1,40,128987.63,3224.69075,922.04,7512.281695,2.329613063,1,1,6013.45,6013.45,6013.45,0.0,0.0,1,0,0.0,0.0,0.0,0.0,0.0,0,0,0.0,0.0,0.0,0.0,0.0,0,0,0.0,0.0,0.0,0.0,0.0,0,145861.52,90,3,0.0,0.074457197,0.884315685,0.041227117,0.0,0.0,0.0,0.884315685,8,3354.46,419.3075,107.395,488061.6591,0.0,0.0,86,142165.15,1653.08314,309.96,28468087.57,0.0,0.0,24,0,0.141304639,0.0625,2,CA,0.03125,2,4,1,0.0,22848.69,0.011627907,22848.69,119316.46,0.0,0.0,0.0,0.0,19.30263889,33.61502778,0.203388566,,
SYNID0200794066,CA,ON,SCARBOROUGH,,,,,,10/16/2015,,1,7611,1.0,,6/28/2015,Insurance and Real Estate Agencies,0.0,3395,3395,,,3505,1,1,493.0,493.0,493.0,0.0,0.0,1,3,328.41,109.47,54.14,98.55745685,0.900314761,1,4,16458.43,4114.6075,948.435,6645.942277,1.615206864,1,0,0.0,0.0,0.0,0.0,0.0,0,6,6550.15,1091.691667,324.16,1784.716476,1.634817348,1,0,0.0,0.0,0.0,0.0,0.0,0,0,0.0,0.0,0.0,0.0,0.0,0,23829.99,14,4,0.020688217,0.013781374,0.690660382,0.0,0.274870027,0.0,0.0,0.690660382,0,0.0,0.0,0.0,0.0,0.0,0.0,14,23829.99,1702.142143,493.355,14079910.11,0.0,0.0,3,0,0.155324138,0.333333333,1,CA,0.0,0,2,13,0.0,15578.82,0.0,15578.82,8251.17,0.020688217,0.0,0.0,493.0,360.0,339.6357222,,,
SYNID0200795055,CA,,other,,,,,,1/25/2024,,1,Other,2.0,100093.0,10/23/1997,,0.0,372,372,,,9962,1,12,18408.11,1534.009167,551.135,2437.981702,1.589287571,1,1,25.21,25.21,25.21,0.0,0.0,1,2,590.72,295.36,295.36,171.6996686,0.581323363,1,0,0.0,0.0,0.0,0.0,0.0,0,17,15114.81,889.1064706,298.1,2326.692036,2.616887981,1,0,0.0,0.0,0.0,0.0,0.0,0,0,0.0,0.0,0.0,0.0,0.0,0,34138.85,32,4,0.539212949,0.000738455,0.017303453,0.0,0.442745142,0.0,0.0,0.539212949,2,8861.32,4430.66,4430.66,32038091.33,0.0,0.0,32,34138.85,1066.839063,373.0,5079292.046,0.0625,0.0,1,other,0.0,0.0,1,CA,0.0,1,2,0,8433.04,19463.14,0.03125,19463.14,14675.71,0.539212949,0.0,16258.82,2149.29,122.7727778,167.03375,0.341071304,,
SYNID0200798374,CA,ON,NORTH YORK,,,,,,9/17/2020,,1,4561,1.0,17699.0,5/27/2020,General Freight Trucking Industry,0.0,1597,1597,,,1710,1,0,0.0,0.0,0.0,0.0,0.0,0,1,90.87,90.87,90.87,0.0,0.0,1,0,0.0,0.0,0.0,0.0,0.0,0,0,0.0,0.0,0.0,0.0,0.0,0,0,0.0,0.0,0.0,0.0,0.0,0,0,0.0,0.0,0.0,0.0,0.0,0,0,0.0,0.0,0.0,0.0,0.0,0,90.87,1,1,0.0,1.0,0.0,0.0,0.0,0.0,0.0,1.0,0,0.0,0.0,0.0,0.0,0.0,0.0,1,90.87,90.87,90.87,0.0,0.0,0.0,1,4816,1.0,1.0,1,CA,0.0,0,1,13,0.0,0.0,0.0,0.0,90.87,0.0,0.0,0.0,0.0,0.0,0.0,0.005134188,,
SYNID0200804387,CA,BC,BURNABY,,,,,,6/28/2013,,1,7215,0.0,0.0,4/18/2013,Holding Companies,0.0,4235,4235,,,4306,1,0,0.0,0.0,0.0,0.0,0.0,0,0,0.0,0.0,0.0,0.0,0.0,0,0,0.0,0.0,0.0,0.0,0.0,0,12,13324.24,1110.353333,623.29,1215.638632,1.094821437,1,0,0.0,0.0,0.0,0.0,0.0,0,0,0.0,0.0,0.0,0.0,0.0,0,0,0.0,0.0,0.0,0.0,0.0,0,13324.24,12,1,0.0,0.0,0.0,1.0,0.0,0.0,0.0,1.0,0,0.0,0.0,0.0,0.0,0.0,0.0,12,13324.24,1110.353333,623.29,1477777.283,0.0,0.0,0,,0.0,0.0,0,,0.0,0,2,7,0.0,9016.49,0.0,9016.49,4307.75,0.0,0.0,0.0,0.0,288.1186111,338.9156173,,,
SYNID0200810872,CA,,other,,,,,,9/28/2008,,1,4499,2.0,133625.0,7/18/2008,Other Services Incidental to Construction n.e.c.,0.0,5969,5969,,,6041,1,1,9550.0,9550.0,9550.0,0.0,0.0,1,1,30.6,30.6,30.6,0.0,0.0,1,0,0.0,0.0,0.0,0.0,0.0,0,8,10455.54,1306.9425,521.8,1850.825738,1.416149324,1,5,7253.13,1450.626,910.91,1306.862025,0.900895217,1,0,0.0,0.0,0.0,0.0,0.0,0,0,0.0,0.0,0.0,0.0,0.0,0,27289.27,15,4,0.349954396,0.00112132,0.0,0.383137402,0.265786883,0.0,0.0,0.383137402,2,1108.0,554.0,554.0,82938.4992,0.0,0.0,13,21206.62,1631.278462,648.71,7002474.633,0.0,0.0,1,other,0.0,0.0,1,CA,0.0,2,2,0,350.36,11806.42,0.076923077,11806.42,9400.2,0.450331076,0.0,9550.0,0.0,87.43236111,141.5323148,0.158702488,,
SYNID0200817629,CA,,other,,,,,,7/4/2022,,1,919,2.0,638801.0,8/28/2021,,0.0,942,942,,,1252,1,0,0.0,0.0,0.0,0.0,0.0,0,26,4269.31,164.2042308,63.18,255.628607,1.556772355,1,38,156830.19,4127.110263,933.82,7556.050331,1.830833161,1,2,556.81,278.405,278.405,309.0410187,1.110041194,1,0,0.0,0.0,0.0,0.0,0.0,0,0,0.0,0.0,0.0,0.0,0.0,0,0,0.0,0.0,0.0,0.0,0.0,0,161656.31,66,3,0.0,0.026409795,0.970145799,0.003444406,0.0,0.0,0.0,0.970145799,2,3035.99,1517.995,1517.995,393340.1513,0.0,0.0,65,161233.01,2480.507846,351.89,36909311.64,0.015384615,0.0,19,5542,0.015442776,0.076923077,2,CA,0.076923077,2,4,1,0.0,48161.4,0.015384615,48161.4,113071.61,0.0,0.0,0.0,0.0,36.0,45.73780093,0.252399433,,
SYNID0200856288,CA,QC,MONTREAL,,,,,,,,1,7731,2.0,64463.0,3/14/2014,Offices of Chartered and Certified Accountants,0.0,0,0,,,3976,1,0,0.0,0.0,0.0,0.0,0.0,0,2,277.91,138.955,138.955,135.9129944,0.97810798,1,4,3170.96,792.74,573.69,519.4524284,0.655262038,1,1,249.5,249.5,249.5,0.0,0.0,1,0,0.0,0.0,0.0,0.0,0.0,0,0,0.0,0.0,0.0,0.0,0.0,0,0,0.0,0.0,0.0,0.0,0.0,0,3698.37,7,3,0.0,0.075143915,0.857393933,0.067462152,0.0,0.0,0.0,0.857393933,1,608.16,608.16,608.16,0.0,0.0,0.0,7,3698.37,528.3385714,457.18,248097.8933,0.0,0.0,2,0,0.0,0.0,1,CA,0.0,1,1,4,0.0,457.18,0.0,457.18,3241.19,0.0,0.0,0.0,0.0,144.0,144.0,0.057371981,,
SYNID0200857563,CA,,other,,,,,,10/1/2002,,1,7215,1.0,0.0,2/21/2002,Holding Companies,0.0,8158,8158,,,8380,1,0,0.0,0.0,0.0,0.0,0.0,0,0,0.0,0.0,0.0,0.0,0.0,0,0,0.0,0.0,0.0,0.0,0.0,0,4,7444.91,1861.2275,694.46,2824.998711,1.517814835,1,0,0.0,0.0,0.0,0.0,0.0,0,0,0.0,0.0,0.0,0.0,0.0,0,0,0.0,0.0,0.0,0.0,0.0,0,7444.91,4,1,0.0,0.0,0.0,1.0,0.0,0.0,0.0,1.0,1,977.24,977.24,977.24,0.0,0.0,0.0,4,7444.91,1861.2275,694.46,7980617.716,0.0,0.0,0,,0.0,0.0,0,,0.0,1,1,1,977.24,7444.83,0.0,7444.83,0.08,0.0,0.0,0.0,0.0,299.4858333,299.4858333,,,
SYNID0200861363,CA,BC,VANCOUVER,,,,,,2/13/2021,,1,9631,1.0,226010.0,8/30/2022,Entertainment Production Companies and Artists,0.0,1448,1448,,,885,1,0,0.0,0.0,0.0,0.0,0.0,0,33,12740.49,386.0754545,81.11,838.4324859,2.17168037,1,0,0.0,0.0,0.0,0.0,0.0,0,3,5207.94,1735.98,131.82,2883.866549,1.661232589,1,3,3696.64,1232.213333,926.85,1339.313125,1.086916599,1,0,0.0,0.0,0.0,0.0,0.0,0,0,0.0,0.0,0.0,0.0,0.0,0,21645.07,39,3,0.0,0.588609323,0.0,0.24060629,0.170784386,0.0,0.0,0.588609323,2,3624.69,1812.345,1812.345,1568202.79,0.0,0.0,36,21326.29,592.3969444,95.48,1386949.159,0.0,0.0,20,other,0.189448152,0.166666667,1,CA,0.0,1,3,1,3624.69,9878.11,0.0,9878.11,11448.18,0.0,0.0,0.0,0.0,25.8875,59.23518519,0.09435994,,
SYNID0200865648,CA,AB,CALGARY,,,,,,12/23/2010,,1,7611,0.0,0.0,11/17/2011,Insurance and Real Estate Agencies,0.0,5153,5153,,,4824,1,0,0.0,0.0,0.0,0.0,0.0,0,0,0.0,0.0,0.0,0.0,0.0,0,3,772.38,257.46,179.41,251.6718747,0.977518351,1,0,0.0,0.0,0.0,0.0,0.0,0,0,0.0,0.0,0.0,0.0,0.0,0,0,0.0,0.0,0.0,0.0,0.0,0,0,0.0,0.0,0.0,0.0,0.0,0,772.38,3,1,0.0,0.0,1.0,0.0,0.0,0.0,0.0,1.0,0,0.0,0.0,0.0,0.0,0.0,0.0,3,772.38,257.46,179.41,63338.7325,0.0,0.0,0,,0.0,0.0,0,,0.0,0,1,14,0.0,54.06,0.0,54.06,718.32,0.0,0.0,0.0,0.0,768.0,768.0,,,
SYNID0200875060,CA,QC,MONTREAL,,,,,,10/30/1994,,1,7215,,0.0,10/25/1994,Holding Companies,0.0,11051,11051,,,11056,1,0,0.0,0.0,0.0,0.0,0.0,0,0,0.0,0.0,0.0,0.0,0.0,0,0,0.0,0.0,0.0,0.0,0.0,0,10,41554.43,4155.443,829.63,8094.420058,1.947907854,1,0,0.0,0.0,0.0,0.0,0.0,0,0,0.0,0.0,0.0,0.0,0.0,0,0,0.0,0.0,0.0,0.0,0.0,0,41554.43,10,1,0.0,0.0,0.0,1.0,0.0,0.0,0.0,1.0,1,26123.55,26123.55,26123.55,0.0,0.0,0.0,9,41083.46,4564.828889,885.03,71824126.52,0.0,0.0,0,,0.0,0.0,0,,0.0,1,2,5,26123.55,37434.2,0.0,37434.2,3649.26,0.0,0.0,0.0,0.0,401.0925,369.5123148,,,
SYNID0200875219,CA,,other,,,,,,7/30/2008,,1,Other,0.0,52917.0,1/10/2007,,0.0,6029,6029,,,6596,1,0,0.0,0.0,0.0,0.0,0.0,0,6,545.5,90.91666667,43.51,137.6922606,1.514488659,1,0,0.0,0.0,0.0,0.0,0.0,0,0,0.0,0.0,0.0,0.0,0.0,0,0,0.0,0.0,0.0,0.0,0.0,0,0,0.0,0.0,0.0,0.0,0.0,0,0,0.0,0.0,0.0,0.0,0.0,0,545.5,6,1,0.0,1.0,0.0,0.0,0.0,0.0,0.0,1.0,1,11.8,11.8,11.8,0.0,0.0,0.0,6,545.5,90.91666667,43.51,18959.15863,0.0,0.0,6,5542,0.186984418,0.5,1,CA,0.0,1,1,4,0.0,0.0,0.0,0.0,545.5,0.0,0.0,0.0,0.0,0.0,0.0,0.010308596,,
SYNID0200879436,CA,ON,CARP,,,,,,2/24/1999,,1,9999,15.0,3245510.0,2/12/1997,Other Services n.e.c.,0.0,9473,9473,,,10215,1,0,0.0,0.0,0.0,0.0,0.0,0,109,15274.28,140.1310092,60.71,232.3037054,1.657760883,1,69,363064.14,5261.79913,1113.83,14933.82944,2.838160307,1,3,65513.76,21837.92,5758.77,32811.91813,1.502520301,1,135,91188.68,675.4717037,259.12,936.0664214,1.385796646,1,0,0.0,0.0,0.0,0.0,0.0,0,0,0.0,0.0,0.0,0.0,0.0,0,535040.86,316,4,0.0,0.028547876,0.678572736,0.122446274,0.170433114,0.0,0.0,0.678572736,20,17306.51,865.3255,251.35,2154742.383,0.0,0.0,303,530853.91,1751.993102,171.09,65935882.08,0.00660066,0.01320132,40,0,0.06929499,0.156862745,2,CA,0.054545455,7,10,0,11912.66,206143.83,0.00330033,206143.83,324710.08,0.0,0.0,0.0,0.0,9.641388889,11.51818247,0.163565637,,
SYNID0200882821,CA,,other,,,,,,9/27/2010,,1,8629,3.0,,6/26/2010,Other Institutional Health and Social Services n.e.c.,0.0,5240,5240,,,5333,1,0,0.0,0.0,0.0,0.0,0.0,0,0,0.0,0.0,0.0,0.0,0.0,0,20,110224.41,5511.2205,1081.055,8904.744586,1.615748197,1,1,610.04,610.04,610.04,0.0,0.0,1,83,64803.86,780.7693976,424.87,929.7664653,1.190833642,1,0,0.0,0.0,0.0,0.0,0.0,0,0,0.0,0.0,0.0,0.0,0.0,0,175638.31,104,3,0.0,0.0,0.627564738,0.003473274,0.368961988,0.0,0.0,0.627564738,8,10017.03,1252.12875,921.095,1210286.447,0.0,0.0,101,173022.44,1713.093465,521.66,19371314.89,0.0,0.0,0,,0.0,0.0,0,,0.0,4,4,0,4909.79,134634.92,0.00990099,134634.92,38387.52,0.0,0.0,0.0,0.0,42.36694444,63.83710438,,,
SYNID0200890437,CA,ON,ORILLIA,,,,,,11/29/2021,,1,7761,1.0,1.0,9/27/2021,Offices of Lawyers and Notaries,0.0,1159,1159,,,1222,1,0,0.0,0.0,0.0,0.0,0.0,0,0,0.0,0.0,0.0,0.0,0.0,0,18,53713.11,2984.061667,636.89,4354.091633,1.459115836,1,0,0.0,0.0,0.0,0.0,0.0,0,0,0.0,0.0,0.0,0.0,0.0,0,0,0.0,0.0,0.0,0.0,0.0,0,0,0.0,0.0,0.0,0.0,0.0,0,53713.11,18,1,0.0,0.0,1.0,0.0,0.0,0.0,0.0,1.0,3,4675.15,1558.383333,698.12,2551199.003,0.0,0.0,16,52173.98,3260.87375,636.89,20741026.24,0.0,0.0,0,,0.0,0.0,0,,0.0,1,2,0,0.0,13363.76,0.0625,13363.76,38810.22,0.0,0.0,0.0,0.0,252.0,270.0,52173.98,,
SYNID0200906923,CA,BC,SURREY,,,,,,1/11/2024,,1,6312,4.0,,4/14/2022,Automobile (Used) Dealers,0.0,386,386,,,1023,1,0,0.0,0.0,0.0,0.0,0.0,0,1,100.71,100.71,100.71,0.0,0.0,1,82,361456.23,4408.002805,1016.525,9979.950118,2.264052579,1,4,3293.36,823.34,788.825,666.7036973,0.809755019,1,0,0.0,0.0,0.0,0.0,0.0,0,0,0.0,0.0,0.0,0.0,0.0,0,0,0.0,0.0,0.0,0.0,0.0,0,364850.3,87,3,0.0,0.000276031,0.990697363,0.009026606,0.0,0.0,0.0,0.990697363,10,32293.72,3229.372,320.88,78732179.05,0.0,0.0,82,353729.6,4313.77561,1000.635,99973489.72,0.0,0.0,1,5542,0.0,0.0,0,,0.0,4,4,0,29812.26,135179.7,0.012195122,135179.7,218549.9,0.0,0.0,0.0,0.0,36.0,59.20508333,,,
SYNID0200906997,CA,AB,EDMONTON,,,,,,1/26/2005,,1,7215,2.0,,7/10/2004,Holding Companies,0.0,7310,7310,,,7510,1,0,0.0,0.0,0.0,0.0,0.0,0,0,0.0,0.0,0.0,0.0,0.0,0,1,149.31,149.31,149.31,0.0,0.0,1,19,48322.53,2543.291053,459.49,5638.704418,2.217089708,1,0,0.0,0.0,0.0,0.0,0.0,0,0,0.0,0.0,0.0,0.0,0.0,0,0,0.0,0.0,0.0,0.0,0.0,0,48471.84,20,2,0.0,0.0,0.003080345,0.996919655,0.0,0.0,0.0,0.996919655,1,457.03,457.03,457.03,0.0,0.0,0.0,20,48471.84,2423.592,458.26,30408124.39,0.0,0.0,0,,0.0,0.0,0,,0.0,1,3,1,457.03,26475.19,0.0,26475.19,21996.65,0.0,0.0,0.0,0.0,173.6513889,174.2525617,,,
SYNID0200916495,CA,,other,,,,,,8/9/2015,,1,7215,0.0,0.0,8/6/2013,Holding Companies,0.0,3463,3463,,,4196,1,0,0.0,0.0,0.0,0.0,0.0,0,0,0.0,0.0,0.0,0.0,0.0,0,3,7315.39,2438.463333,1760.15,2688.521677,1.10254751,1,0,0.0,0.0,0.0,0.0,0.0,0,0,0.0,0.0,0.0,0.0,0.0,0,0,0.0,0.0,0.0,0.0,0.0,0,0,0.0,0.0,0.0,0.0,0.0,0,7315.39,3,1,0.0,0.0,1.0,0.0,0.0,0.0,0.0,1.0,0,0.0,0.0,0.0,0.0,0.0,0.0,3,7315.39,2438.463333,1760.15,7228148.807,0.0,0.0,0,,0.0,0.0,0,,0.0,0,1,32,0.0,1760.15,0.0,1760.15,5555.24,0.0,0.0,0.0,0.0,0.0,0.0,,,
SYNID0200917577,CA,QC,MONTREAL,,,,,,,,1,7761,1.0,216833.0,5/29/1982,Offices of Lawyers and Notaries,0.0,0,0,,,15588,1,0,0.0,0.0,0.0,0.0,0.0,0,0,0.0,0.0,0.0,0.0,0.0,0,17,20553.46,1209.027059,528.21,1907.212685,1.577477255,1,0,0.0,0.0,0.0,0.0,0.0,0,0,0.0,0.0,0.0,0.0,0.0,0,0,0.0,0.0,0.0,0.0,0.0,0,0,0.0,0.0,0.0,0.0,0.0,0,20553.46,17,1,0.0,0.0,1.0,0.0,0.0,0.0,0.0,1.0,0,0.0,0.0,0.0,0.0,0.0,0.0,16,20325.08,1270.3175,583.705,3811839.38,0.0,0.0,0,,0.0,0.0,0,,0.0,0,1,18,0.0,14483.13,0.0,14483.13,5841.95,0.0,0.0,0.0,0.0,168.0,219.4285714,0.093736101,,
SYNID0200937322,CA,ON,SUDBURY,,,,,,6/6/2014,,1,7599,2.0,117490.0,11/29/2015,Other Real Estate Operators,0.0,3892,3892,,,3351,1,0,0.0,0.0,0.0,0.0,0.0,0,1,31.82,31.82,31.82,0.0,0.0,1,4,62376.78,15594.195,8698.265,21187.70571,1.358691853,1,11,4966.44,451.4945455,188.71,477.7595764,1.058173529,1,7,3606.01,515.1442857,211.25,591.9243719,1.149045788,1,0,0.0,0.0,0.0,0.0,0.0,0,0,0.0,0.0,0.0,0.0,0.0,0,70981.05,23,4,0.0,0.000448289,0.878780745,0.069968534,0.050802432,0.0,0.0,0.878780745,1,52.27,52.27,52.27,0.0,0.0,0.0,19,52934.61,2786.032105,188.71,104612327.8,0.0,0.0,1,4225,0.0,0.0,0,,0.0,1,2,0,0.0,4911.09,0.0,4911.09,48023.52,0.0,0.0,0.0,0.0,158.8877778,249.2907576,0.450545663,,
SYNID0200945958,CA,ON,LONDON,,,,,,1/3/2005,,1,9799,1.0,72059.0,8/8/2002,Other Personal and Household Services n.e.c.,0.0,7333,7333,,,8212,1,1,500.0,500.0,500.0,0.0,0.0,1,9,852.96,94.77333333,59.67,90.00330355,0.949669072,1,1,13781.68,13781.68,13781.68,0.0,0.0,1,1,35.72,35.72,35.72,0.0,0.0,1,0,0.0,0.0,0.0,0.0,0.0,0,0,0.0,0.0,0.0,0.0,0.0,0,0,0.0,0.0,0.0,0.0,0.0,0,15170.36,12,4,0.032959007,0.056225429,0.908460973,0.002354591,0.0,0.0,0.0,0.908460973,0,0.0,0.0,0.0,0.0,0.0,0.0,12,15170.36,1264.196667,100.19,15559391.24,0.166666667,0.0,8,other,0.0,0.0,1,CA,0.0,0,2,7,0.0,14281.68,0.0,14281.68,888.68,0.032959007,0.0,500.0,0.0,81.72375,81.72375,0.210526929,,
SYNID0200950641,CA,AB,CALGARY,,,,,,12/13/2024,,1,4214,1.0,80650.0,12/24/2021,Excavating and Grading,0.0,49,49,,,1134,1,0,0.0,0.0,0.0,0.0,0.0,0,1,107.39,107.39,107.39,0.0,0.0,1,0,0.0,0.0,0.0,0.0,0.0,0,1,24.75,24.75,24.75,0.0,0.0,1,13,13096.43,1007.417692,466.08,1236.823921,1.227717093,1,0,0.0,0.0,0.0,0.0,0.0,0,0,0.0,0.0,0.0,0.0,0.0,0,13228.57,15,3,0.0,0.008118035,0.0,0.001870951,0.990011014,0.0,0.0,0.990011014,0,0.0,0.0,0.0,0.0,0.0,0.0,15,13228.57,881.9046667,342.99,1421155.984,0.0,0.0,1,5541,0.0,0.0,0,,0.0,0,1,8,0.0,9606.52,0.0,9606.52,3622.05,0.0,0.0,0.0,0.0,50.55069444,122.7683333,0.164024427,,
SYNID0200951025,CA,,other,,,,,,1/7/2000,,1,7292,1.0,58552.0,4/7/1997,"Estate, Trust and Agency Funds",0.0,9156,9156,,,10161,1,0,0.0,0.0,0.0,0.0,0.0,0,0,0.0,0.0,0.0,0.0,0.0,0,1,748.6,748.6,748.6,0.0,0.0,1,23,24530.55,1066.545652,336.72,2317.395105,2.172804418,1,0,0.0,0.0,0.0,0.0,0.0,0,0,0.0,0.0,0.0,0.0,0.0,0,0,0.0,0.0,0.0,0.0,0.0,0,25279.15,24,2,0.0,0.0,0.029613337,0.970386663,0.0,0.0,0.0,0.970386663,2,3324.39,1662.195,1662.195,866467.6441,0.0,0.0,24,25279.15,1053.297917,399.86,5141039.954,0.0,0.0,0,,0.0,0.0,0,,0.0,1,3,0,3324.39,18033.42,0.0,18033.42,7245.73,0.0,0.0,0.0,0.0,163.7252778,195.669188,0.431738455,,
SYNID0200964390,CA,,other,,,,,,2/7/2015,,1,8651,2.0,350406.0,1/2/2014,"Offices of Physicians, General Practice",0.0,3646,3646,,,4047,1,2,16400.0,8200.0,8200.0,2404.163056,0.293190617,1,17,1930.06,113.5329412,46.83,254.5784857,2.242331459,1,10,10745.98,1074.598,897.51,834.0124706,0.776115785,1,71,122702.49,1728.204085,412.77,3313.510963,1.917314623,1,4,4351.56,1087.89,774.815,956.4767169,0.87920352,1,0,0.0,0.0,0.0,0.0,0.0,0,0,0.0,0.0,0.0,0.0,0.0,0,156130.09,104,5,0.105040611,0.012361871,0.068827092,0.785899054,0.027871373,0.0,0.0,0.785899054,13,14171.7,1090.130769,88.27,9588927.765,0.0,0.0,99,132825.63,1341.67303,368.99,7689485.257,0.03030303,0.0,13,5200,0.128515264,0.375,2,CA,0.076923077,4,4,0,13300.02,94380.5,0.02020202,94380.5,38445.13,0.123470147,0.0,16400.0,0.0,16.94,26.71239734,0.379062088,,
SYNID0200970806,CA,,other,,,,,,11/19/1993,,1,7512,3.70553069,1287467.0,2/11/1989,Operators of Non-Residential Buildings,0.0,11396,11396,,,13138,1,0,0.0,0.0,0.0,0.0,0.0,0,0,0.0,0.0,0.0,0.0,0.0,0,9,27204.27,3022.696667,1589.79,4062.841009,1.344111387,1,2,11616.36,5808.18,5808.18,1249.995084,0.215212869,1,0,0.0,0.0,0.0,0.0,0.0,0,7,255318.66,36474.09429,9768.53,49660.76927,1.361535365,1,0,0.0,0.0,0.0,0.0,0.0,0,294139.29,18,3,0.0,0.0,0.092487712,0.039492718,0.0,0.86801957,0.0,0.86801957,0,0.0,0.0,0.0,0.0,0.0,0.0,16,160018.99,10001.18688,5288.805,348382775.8,0.0,0.0,0,,0.0,0.0,0,,0.0,0,2,8,0.0,128239.06,0.125,128239.06,31779.93,0.0,0.767334864,0.0,0.0,202.6047222,193.647381,0.12428978,,
SYNID0200978585,CA,,other,,,,,,4/15/2023,,1,9861,1.0,120121.0,2/13/2021,Civic and Fraternal Organizations,0.0,657,657,,,1448,1,0,0.0,0.0,0.0,0.0,0.0,0,4,1127.96,281.99,40.73,501.8739611,1.779758009,1,7,15942.79,2277.541429,2510.56,1589.409483,0.697861942,1,49,110917.59,2263.624286,918.88,4147.231276,1.832119978,1,20,13186.97,659.3485,398.115,903.2878795,1.369970326,1,0,0.0,0.0,0.0,0.0,0.0,0,0,0.0,0.0,0.0,0.0,0.0,0,141175.31,80,4,0.0,0.007989782,0.112929024,0.785672721,0.093408472,0.0,0.0,0.785672721,2,55.89,27.945,27.945,895.91445,0.0,0.0,78,141123.84,1809.28,674.09,11663077.15,0.0,0.0,4,0,0.0,0.0,1,CA,0.0,1,5,1,49.11,80646.79,0.012820513,80646.79,60477.05,0.0,0.0,0.0,0.0,56.4075,80.36259444,1.174847362,,
SYNID0200991884,CA,,other,,,,,,7/15/1992,,1,Other,4.0,664704.0,10/23/1973,,0.0,11888,11888,,,18728,1,0,0.0,0.0,0.0,0.0,0.0,0,0,0.0,0.0,0.0,0.0,0.0,0,8,15115.1,1889.3875,708.58,2709.157242,1.433881214,1,3,68415.92,22805.30667,16530.5,25952.12693,1.137986317,1,0,0.0,0.0,0.0,0.0,0.0,0,0,0.0,0.0,0.0,0.0,0.0,0,0,0.0,0.0,0.0,0.0,0.0,0,83531.02,11,2,0.0,0.0,0.180951939,0.819048061,0.0,0.0,0.0,0.819048061,1,51319.53,51319.53,51319.53,0.0,0.0,0.0,11,83531.02,7593.729091,754.47,235289489.6,0.0,0.0,0,,0.0,0.0,0,,0.0,1,2,5,0.0,788.57,0.0,788.57,82742.45,0.0,0.0,0.0,0.0,185.2497222,185.2497222,0.125666492,,
